{
  "project_info": {
    "project_number": "948800319819",
    "firebase_url": "https://grocery-store-8a0d7.firebaseio.com",
    "project_id": "grocery-store-8a0d7",
    "storage_bucket": "grocery-store-8a0d7.appspot.com"
  },
  "client": [
    {
      "client_info": {
        "mobilesdk_app_id": "1:948800319819:android:0581f03ee42e1487f5b8ce",
        "android_client_info": {
          "package_name": "com.fyponline.onlinestore"
        }
      },
      "oauth_client": [
        {
          "client_id": "948800319819-2notvrnvi15tqtm7l986vpuqprlnodh3.apps.googleusercontent.com",
          "client_type": 1,
          "android_info": {
            "package_name": "com.fyponline.onlinestore",
            "certificate_hash": "6f97cebc042cbbbdb349b421d75b7d8729ccf4f2"
          }
        },
        {
          "client_id": "948800319819-6agmh6eaps9dkc5tc3gnkmbbb3jla8mo.apps.googleusercontent.com",
          "client_type": 3
        }
      ],
      "api_key": [
        {
          "current_key": "AIzaSyCjF4Q0Q0784TbhbxdkpKIqGrCCtR3mJo4"
        }
      ],
      "services": {
        "appinvite_service": {
          "other_platform_oauth_client": [
            {
              "client_id": "948800319819-6agmh6eaps9dkc5tc3gnkmbbb3jla8mo.apps.googleusercontent.com",
              "client_type": 3
            }
          ]
        }
      }
    },
    {
      "client_info": {
        "mobilesdk_app_id": "1:948800319819:android:e1c8c6be6e369790f5b8ce",
        "android_client_info": {
          "package_name": "com.fyponline.userapp"
        }
      },
      "oauth_client": [
        {
          "client_id": "948800319819-u0uv881ikadl5044u4mqi86c16rcnkop.apps.googleusercontent.com",
          "client_type": 1,
          "android_info": {
            "package_name": "com.fyponline.userapp",
            "certificate_hash": "6f97cebc042cbbbdb349b421d75b7d8729ccf4f2"
          }
        },
        {
          "client_id": "948800319819-6agmh6eaps9dkc5tc3gnkmbbb3jla8mo.apps.googleusercontent.com",
          "client_type": 3
        }
      ],
      "api_key": [
        {
          "current_key": "AIzaSyCjF4Q0Q0784TbhbxdkpKIqGrCCtR3mJo4"
        }
      ],
      "services": {
        "appinvite_service": {
          "other_platform_oauth_client": [
            {
              "client_id": "948800319819-6agmh6eaps9dkc5tc3gnkmbbb3jla8mo.apps.googleusercontent.com",
              "client_type": 3
            }
          ]
        }
      }
    }
  ],
  "configuration_version": "1"
}